<?xml version="1.0" encoding="UTF-8"?>
<!DOCTYPE mapper PUBLIC "-//mybatis.org//DTD Mapper 3.0//EN" "http://mybatis.org/dtd/mybatis-3-mapper.dtd">
<mapper namespace="cn.fan.swaggernew.dao.UserMapper">
    <resultMap id="BaseResultMap" type="cn.fan.swaggernew.bean.User">
        <id column="id" jdbcType="BIGINT" property="id"/>
        <result column="user_name" jdbcType="VARCHAR" property="userName"/>
        <result column="pass_word" jdbcType="VARCHAR" property="passWord"/>
        <result column="email" jdbcType="VARCHAR" property="email"/>
        <result column="nick_name" jdbcType="VARCHAR" property="nickName"/>
        <result column="reg_time" jdbcType="VARCHAR" property="regTime"/>
        <result column="age" jdbcType="INTEGER" property="age"/>
    </resultMap>
    <sql id="Base_Column_List">
        id, user_name, pass_word, email, nick_name, reg_time, age
    </sql>

    <select id="selectById" parameterType="java.lang.Long" resultMap="BaseResultMap">
        select
        <include refid="Base_Column_List"/>
        from user
        where id = #{id,jdbcType=BIGINT}
    </select>

    <delete id="deleteById" parameterType="java.lang.Long">
        delete from user
        where id = #{id,jdbcType=BIGINT}
    </delete>

    <insert id="createUser" parameterType="cn.fan.swaggernew.bean.User">
        insert into user
        <trim prefix="(" suffix=")" suffixOverrides=",">
            <if test="id != null">
                id,
            </if>
            <if test="userName != null">
                user_name,
            </if>
            <if test="passWord != null">
                pass_word,
            </if>
            <if test="email != null">
                email,
            </if>
            <if test="nickName != null">
                nick_name,
            </if>
            <if test="regTime != null">
                reg_time,
            </if>
            <if test="age != null">
                age,
            </if>
        </trim>
        <trim prefix="values (" suffix=")" suffixOverrides=",">
            <if test="id != null">
                #{id,jdbcType=BIGINT},
            </if>
            <if test="userName != null">
                #{userName,jdbcType=VARCHAR},
            </if>
            <if test="passWord != null">
                #{passWord,jdbcType=VARCHAR},
            </if>
            <if test="email != null">
                #{email,jdbcType=VARCHAR},
            </if>
            <if test="nickName != null">
                #{nickName,jdbcType=VARCHAR},
            </if>
            <if test="regTime != null">
                #{regTime,jdbcType=VARCHAR},
            </if>
            <if test="age != null">
                #{age,jdbcType=INTEGER},
            </if>
        </trim>
    </insert>

    <update id="modifyUser" parameterType="cn.fan.swaggernew.bean.User">
        update user
        <set>
            <if test="userName != null">
                user_name = #{userName,jdbcType=VARCHAR},
            </if>
            <if test="passWord != null">
                pass_word = #{passWord,jdbcType=VARCHAR},
            </if>
            <if test="email != null">
                email = #{email,jdbcType=VARCHAR},
            </if>
            <if test="nickName != null">
                nick_name = #{nickName,jdbcType=VARCHAR},
            </if>
            <if test="regTime != null">
                reg_time = #{regTime,jdbcType=VARCHAR},
            </if>
            <if test="age != null">
                age = #{age,jdbcType=INTEGER},
            </if>
        </set>
        where id = #{id,jdbcType=BIGINT}
    </update>
</mapper>