<?xml version="1.0" encoding="UTF-8"?>
<!DOCTYPE generatorConfiguration
        PUBLIC "-//mybatis.org//DTD MyBatis Generator Configuration 1.0//EN"
        "http://mybatis.org/dtd/mybatis-generator-config_1_0.dtd">
<!-- 第二种mybatis逆向生成xml配置 -->
<generatorConfiguration>
    <!-- 需要指明数据库连接器的绝对路径 -->
    <classPathEntry
            location="E:\repository\mysql\mysql-connector-java\5.1.6\mysql-connector-java-5.1.6.jar"/>
<!--    <classPathEntry-->
<!--            location="E:\repository\com\microsoft\sqlserver\mssql-jdbc\6.2.0.jre8\mssql-jdbc-6.2.0.jre8.jar"/>-->

    <context id="sqlserverTables" targetRuntime="MyBatis3">
        <!-- 生成的pojo，将implements Serializable-->
        <plugin type="org.mybatis.generator.plugins.SerializablePlugin"></plugin>
<!--        <commentGenerator>-->
<!--            &lt;!&ndash; 是否去除自动生成的注释 true：是 ： false:否 &ndash;&gt;-->
<!--            <property name="suppressAllComments" value="true" />-->
<!--        </commentGenerator>-->
        <!--可以自定义生成model的代码注释-->
        <commentGenerator type="cn.fan.config.CommentGenerator">
            <!-- 是否去除自动生成的注释 true：是 ： false:否 -->
            <property name="suppressAllComments" value="true"/>
            <property name="suppressDate" value="true"/>
            <property name="addRemarkComments" value="true"/>
        </commentGenerator>
        <!-- 数据库链接URL、用户名、密码 -->
         <jdbcConnection driverClass="com.mysql.jdbc.Driver"
                         connectionURL="jdbc:mysql://localhost:3306/test"
                         userId="root"
                         password="root">
         </jdbcConnection>
<!--        <jdbcConnection driverClass="com.mysql.jdbc.Driver"-->
<!--                        connectionURL="jdbc:mysql://172.18.105.33:3306/equip"-->
<!--                        userId="root"-->
<!--                        password="hthl@2018">-->
<!--        </jdbcConnection>-->
<!--        <jdbcConnection driverClass="com.microsoft.sqlserver.jdbc.SQLServerDriver"-->
<!--                        connectionURL="jdbc:sqlserver://10.3.1.3:1433;DatabaseName=htgtshop"-->
<!--                        userId="sa"-->
<!--                        password="Hthl@2018">-->
<!--        </jdbcConnection>-->
        <!--<jdbcConnection driverClass="oracle.jdbc.driver.OracleDriver"
                        connectionURL="jdbc:oracle:thin:@10.1.103.250:1521:orcl"
                        userId="fis"
                        password="fis"/>-->

        <!--
        默认false，把JDBC DECIMAL 和 NUMERIC 类型解析为 Integer
            true，把JDBC DECIMAL 和 NUMERIC 类型解析为java.math.BigDecimal
        -->
        <javaTypeResolver>
            <property name="forceBigDecimals" value="false" />
        </javaTypeResolver>

        <!--
        生成model模型，对应的包路径，以及文件存放路径(targetProject)，targetProject可以指定具体的路径,如./src/main/java，
        也可以使用“MAVEN”来自动生成，这样生成的代码会在target/generatord-source目录下
        -->
        <!--<javaModelGenerator targetPackage="com.forezp.entity" targetProject="MAVEN">-->
<!--        <javaModelGenerator targetPackage="cn.fan.entity" targetProject="./src/main/java">-->
<!--            <property name="enableSubPackages" value="true"/>-->
<!--            &lt;!&ndash; 从数据库返回的值被清理前后的空格  &ndash;&gt;-->
<!--            <property name="trimStrings" value="true" />-->
<!--        </javaModelGenerator>-->
        <javaModelGenerator targetPackage="cn.fan.entity" targetProject="springboot_mybatis_reverse\src\main\java">
            <property name="enableSubPackages" value="true"/>
            <!-- 从数据库返回的值被清理前后的空格  -->
            <property name="trimStrings" value="true" />
        </javaModelGenerator>
        <!--对应的mapper.xml文件  -->
<!--        <sqlMapGenerator targetPackage="/mybatis/mapper" targetProject="./src/main/resources">-->
<!--            <property name="enableSubPackages" value="true"/>-->
<!--        </sqlMapGenerator>-->
        <sqlMapGenerator targetPackage="/mybatis/mapper" targetProject="springboot_mybatis_reverse\src\main\resources">
            <property name="enableSubPackages" value="true"/>
        </sqlMapGenerator>
        <!-- 对应的Mapper接口类文件 -->
<!--        <javaClientGenerator type="XMLMAPPER" targetPackage="cn.fan.dao" targetProject="./src/main/java">-->
<!--            <property name="enableSubPackages" value="true"/>-->
<!--        </javaClientGenerator>-->
        <javaClientGenerator type="XMLMAPPER" targetPackage="cn.fan.dao" targetProject="springboot_mybatis_reverse\src\main\java">
            <property name="enableSubPackages" value="true"/>
        </javaClientGenerator>

        <!-- 要生成的表tableName是数据库中的表名或视图名 domainObjectName是实体类名-->
<!--        <table tableName="dept" domainObjectName="Dept"-->
<!--               enableCountByExample="false" enableUpdateByExample="false" enableDeleteByExample="false"-->
<!--               enableSelectByExample="false" selectByExampleQueryId="false" >-->
<!--            <property name="useActualColumnNames" value="false"/>-->

<!--        这是通用配置-->
        <table tableName="%"  enableCountByExample="false" enableUpdateByExample="false" enableDeleteByExample="false"
                    enableSelectByExample="false" selectByExampleQueryId="false">
                    <generatedKey column="id" sqlStatement="Mysql"/>
                </table>
<!--        <table tableName="t_cp_material_type" domainObjectName="TCpMaterialType"-->
<!--                       enableCountByExample="false" enableUpdateByExample="false" enableDeleteByExample="false"-->
<!--                       enableSelectByExample="false" selectByExampleQueryId="false" >-->
<!--                    <property name="useActualColumnNames" value="false"/>-->
<!--                </table>-->

            </context>
        </generatorConfiguration>
